percentile,avg_income
Top 10,0.406444
Middle 40,0.429163
Bottom 50,0.164391
Top 1,0.159628
